ID_1,Date de l'enquête,Mode d'enquête,Comment se porte votre entreprise ou business actuellement ?,L’entreprise vous permet -elle de gagner assez d’argent pour subvenir à vos besoins et à celle de votre famille ?,Avez-vous déjà planifié de migrer de nouveau ?,Si vous n’aviez pas bénéficié de l’aide de l’OIM pour votre réintégration économique quelle serait votre situation actuelle ?,Pensez-vous que le retour a été une bonne décision ?,Êtes-vous satisfait de l’aide à la réintégration de manière globale ?,Pays,Pays d’où le migrant est de retour :,Sexe,Age (l'enquête est destinée aux personnes agées de 14 ans et plus),Durée de l’absence du pays d’origine   Mettre 0 si moins d'un an,Situation de handicap,Par quel moyen avez-vous reçu cette assistance économique ?,Type de business bis,Qui sont les membres de cette entreprise ?,L'OIM   ou un de ses partenaires vous a-t-elle formé sur la façon de gérer une entreprise ?,L’entreprise emploie-t-elle du personnel ?,"Si oui, combien des personnes sont employées par votre entreprise ?",Est-ce votre entreprise a été affectée par la maladie de Coronavirus ?,Est-ce que le type d'assistance économique que vous avez reçu correspondait à votre premier choix ?,Niveau microbusiness,Type de formation,Duree formation,ArrivalDate_Mimosa,Date de reception de la reintegration,Gender_Mimosa,AgeAtReferral_Mimosa
NA,2021-04-17,Sur le terrain (lieu de travail ou d’habitation du migrant…),Actuellement ouvert et les activités marchent difficilement,Partiellement,Oui régulièrement,Pire,Oui,Satisfait,Ghana,Lybie,Masculin,36-65 ans,4,Non,En nature,Coiffure,Moi uniquement,Non,Oui,1,Oui Négativement,Oui,NA,NA,NA,NA,NA,NA,NA
NA,2021-05-28,Sur le terrain (lieu de travail ou d’habitation du migrant…),Actuellement ouvert et les activités marchent difficilement,Partiellement,Oui régulièrement,Pire,Non,Satisfait,Côte D'Ivoire,Niger,Masculin,18-35 ans,1,Non,En espèces,Commerce,Moi avec des migrants de retour et des membres d’une communauté,Non,Oui,1,Non,Oui,NA,NA,NA,NA,NA,NA,NA
NA,2021-06-09,Sur le terrain (lieu de travail ou d’habitation du migrant…),Actuellement ouvert et les activités marchent bien,Oui,Non,Pire,Oui,Très satisfait,Ghana,Niger,Masculin,36-65 ans,0,Non,En nature,Aviculture,Moi uniquement,Oui,Non,NA,Non,Oui,NA,NA,NA,NA,NA,NA,NA
NA,2021-06-08,Par téléphone,NA,NA,Non,Pire,Oui,Très satisfait,Côte D'Ivoire,Lybie,Masculin,14-17 ans,0,Non,En espèces,NA,NA,NA,NA,NA,NA,Oui,NA,NA,NA,NA,NA,NA,NA
NA,2021-06-09,Par téléphone,Actuellement ouvert et les activités marchent difficilement,Non,Non,Pire,Oui,Très satisfait,Côte D'Ivoire,Tunisie,Masculin,36-65 ans,3,Non,En espèces,Coiffure,Moi uniquement,Non,Oui,1,Non,Oui,NA,NA,NA,NA,NA,NA,NA
NA,2021-06-09,Par téléphone,Actuellement ouvert et les activités marchent bien,Partiellement,Non,Pire,Oui,Très satisfait,Côte D'Ivoire,Lybie,Masculin,36-65 ans,2,Non,En espèces,Commerce,Moi uniquement,Non,Non,NA,Non,Oui,NA,NA,NA,NA,NA,NA,NA
NA,2021-06-09,Par téléphone,NA,NA,Non,Pire,Oui,Très satisfait,Côte D'Ivoire,Niger,Masculin,18-35 ans,0,Non,En espèces,NA,NA,NA,NA,NA,NA,Oui,NA,NA,NA,NA,NA,NA,NA
NA,2021-06-15,Sur le terrain (lieu de travail ou d’habitation du migrant…),Actuellement ouvert et les activités marchent difficilement,Oui,Non,Pire,Oui,Satisfait,Ghana,Burkina Faso,Masculin,18-35 ans,3,Non,En nature,Commerce,Moi uniquement,Non,Non,NA,Oui Négativement,Non,NA,NA,NA,NA,NA,NA,NA
NA,2021-06-15,Par téléphone,Actuellement ouvert et les activités marchent bien,Oui,Non,Pire,Oui,Très satisfait,Ghana,Lybie,Masculin,18-35 ans,3,Non,En nature,Elevage,Moi uniquement,Non,Non,NA,Oui Négativement,Oui,NA,NA,NA,NA,NA,NA,NA
NA,2021-06-21,Par téléphone,Actuellement ouvert et les activités marchent bien,Oui,Non,Pire,Oui,Très satisfait,Ghana,Lybie,Masculin,18-35 ans,0,Non,En nature,Commerce,Moi avec des migrants de retour,Non,Non,NA,Oui Négativement,Oui,NA,NA,NA,NA,NA,NA,NA
NA,2021-06-21,Par téléphone,Actuellement ouvert et les activités marchent bien,Oui,Non,Pire,Oui,Très satisfait,Ghana,Lybie,Masculin,18-35 ans,1,Non,En nature,Commerce,Moi avec des migrants de retour,Non,Non,NA,Oui Négativement,Oui,NA,NA,NA,NA,NA,NA,NA
NA,2021-06-17,Par téléphone,Actuellement ouvert et les activités marchent bien,Oui,Non,Mieux,Oui,Satisfait,Ghana,Lybie,Masculin,18-35 ans,4,Non,En nature,Elevage,Moi uniquement,Non,Non,NA,Oui Négativement,Oui,NA,NA,NA,NA,NA,NA,NA
NA,2021-07-22,Sur le terrain (lieu de travail ou d’habitation du migrant…),Mon entreprise n’est pas encore ouverte,Partiellement,Non,Pire,Oui,Très satisfait,Burkina Faso,Algerie,Masculin,18-35 ans,0,Non,Mixte,Elevage,Moi uniquement,Non,Non,NA,Non,Oui,NA,NA,NA,NA,NA,NA,NA
NA,2021-09-06,Par téléphone,Actuellement ouvert et les activités marchent difficilement,Non,Non,Pire,Souhaite ne pas répondre,OK,Sierra-Leone,Niger,Masculin,18-35 ans,1,Non,En nature,Commerce,Moi uniquement,Oui,Non,NA,Oui Négativement,Oui,NA,NA,NA,NA,NA,NA,NA
NA,2021-08-12,Sur le terrain (lieu de travail ou d’habitation du migrant…),Actuellement ouvert et les activités marchent difficilement,Oui,Non,Pire,Oui,Satisfait,Burkina Faso,Niger,Masculin,18-35 ans,NA,Non,Mixte,Restauration,Moi uniquement,Non,Non,NA,Non,Non,NA,NA,NA,NA,NA,NA,NA
NA,2021-09-01,Par téléphone,Fermée,Non,Souhaite ne pas répondre,Pire,Souhaite ne pas répondre,OK,Sierra-Leone,Niger,Masculin,18-35 ans,1,Non,En nature,Coiffure,Moi uniquement,Oui,Non,NA,Oui Négativement,Oui,NA,NA,NA,NA,NA,NA,NA
NA,2021-09-01,Par téléphone,Actuellement ouvert et les activités marchent bien,Partiellement,Oui irrégulièrement,Pire,Ne sait pas,OK,Sierra-Leone,Niger,Masculin,18-35 ans,1,Non,En nature,Autre,Moi uniquement,Oui,Non,NA,Oui Négativement,Oui,NA,NA,NA,NA,NA,NA,NA
NA,2021-09-06,Par téléphone,Fermée,Non,Souhaite ne pas répondre,Pire,Souhaite ne pas répondre,OK,Sierra-Leone,Niger,Masculin,18-35 ans,1,Non,En nature,Couture,Moi uniquement,Oui,Non,NA,Oui Négativement,Oui,NA,NA,NA,NA,NA,NA,NA
MA1019001234,2021-09-22,Par téléphone,Actuellement ouvert et les activités marchent bien,Partiellement,Non,Pire,Oui,Très satisfait,Sénégal,Maroc,Masculin,18-35 ans,5,Non,En nature,Transport (Moto - Auto et autres),Moi uniquement,Oui,Oui,2,Oui Positivement,Non,Collective,NA,TRUE,2019-02-20T00:00:00Z,2022-03-28T00:00:00Z,Male,26
MA1019001234,2021-09-22,Par téléphone,Actuellement ouvert et les activités marchent bien,Partiellement,Non,Pire,Oui,Très satisfait,Sénégal,Maroc,Masculin,18-35 ans,5,Non,En nature,Transport (Moto - Auto et autres),Moi uniquement,Oui,Oui,2,Oui Positivement,Non,Collective,NA,TRUE,2019-02-20T00:00:00Z,2022-03-28T00:00:00Z,Female,21
NA,2021-09-24,Par téléphone,Actuellement ouvert et les activités marchent difficilement,Partiellement,Non,Pire,Oui,Très satisfait,Sénégal,Algerie,Masculin,36-65 ans,2,Non,En nature,Commerce,Moi uniquement,Oui,Non,NA,Oui Négativement,Oui,NA,NA,NA,NA,NA,NA,NA
NA,2021-09-28,Par téléphone,Fermée,Oui,Non,Pire,Oui,Très satisfait,Sénégal,Lybie,Masculin,18-35 ans,1,Non,En nature,Transport (Moto - Auto et autres),Moi uniquement,Oui,Non,NA,Oui Négativement,Non,NA,NA,NA,NA,NA,NA,NA
NA,2021-09-30,Par téléphone,Actuellement ouvert et les activités marchent bien,Partiellement,Non,Pire,Oui,Très satisfait,Sénégal,Maroc,Masculin,18-35 ans,2,Non,En nature,Couture,Moi uniquement,Non,Non,NA,Non,Oui,NA,NA,NA,NA,NA,NA,NA
NA,2021-09-30,Par téléphone,Actuellement ouvert et les activités marchent bien,Oui,Non,Pire,Oui,Très satisfait,Sénégal,Algerie,Masculin,36-65 ans,8,Non,En nature,Commerce,Moi uniquement,Non,Non,NA,Oui Négativement,Oui,NA,NA,NA,NA,NA,NA,NA
NA,2021-10-04,Par téléphone,Actuellement ouvert et les activités marchent bien,Oui,Non,Pire,Oui,Très satisfait,Sénégal,Maroc,Masculin,18-35 ans,0,Non,En nature,Commerce,Moi uniquement,Non,Non,NA,Oui Négativement,Oui,NA,NA,NA,NA,NA,NA,NA
NA,2021-10-04,Par téléphone,Actuellement ouvert et les activités marchent difficilement,Oui,Non,Pire,Non,Très satisfait,Sénégal,Maroc,Masculin,18-35 ans,0,Non,En nature,Autre,Moi uniquement,Oui,Non,NA,Oui Négativement,Oui,NA,NA,NA,NA,NA,NA,NA
NA,2021-10-06,Sur le terrain (lieu de travail ou d’habitation du migrant…),Actuellement ouvert et les activités marchent bien,Oui,Oui régulièrement,Pire,Oui,Très satisfait,Sénégal,Lybie,Masculin,36-65 ans,1,Non,En nature,Aviculture,Moi uniquement,Oui,Oui,1,Oui Négativement,Oui,NA,NA,NA,NA,NA,NA,NA
NA,2021-10-07,Sur le terrain (lieu de travail ou d’habitation du migrant…),Actuellement ouvert et les activités marchent difficilement,Partiellement,Non,Mieux,N/A (retour non volontaire),Très satisfait,Sénégal,Espagne,Masculin,18-35 ans,0,Non,En nature,Couture,Moi uniquement,Oui,Non,NA,Oui Négativement,Oui,NA,NA,NA,NA,NA,NA,NA
NA,2021-10-11,Par téléphone,Fermée,Partiellement,Non,Pire,Oui,Très satisfait,Tchad,Autre,Masculin,18-35 ans,3,Non,En nature,Commerce,Moi uniquement,Non,Non,NA,Non,Non,NA,NA,NA,NA,NA,NA,NA
NE1018004403,2021-10-11,Par téléphone,Actuellement ouvert et les activités marchent bien,Oui,Non,Pire,Oui,Très satisfait,Sénégal,Niger,Masculin,18-35 ans,0,Non,En nature,Transport (Moto - Auto et autres),Moi uniquement,Oui,Non,NA,Non,Oui,Collective,NA,NA,2018-11-02T00:00:00Z,2021-08-30T00:00:00Z,Female,26
NE1018004403,2021-10-11,Par téléphone,Actuellement ouvert et les activités marchent bien,Oui,Non,Pire,Oui,Très satisfait,Sénégal,Niger,Masculin,18-35 ans,0,Non,En nature,Transport (Moto - Auto et autres),Moi uniquement,Oui,Non,NA,Non,Oui,Individual,NA,NA,2018-11-02T00:00:00Z,2021-08-30T00:00:00Z,Male,32
NA,2021-10-11,Sur le terrain (lieu de travail ou d’habitation du migrant…),Actuellement ouvert et les activités marchent bien,Oui,Non,Pire,Oui,Très satisfait,Ghana,Lybie,Masculin,18-35 ans,2,Non,En nature,Bâtiment/construction,Moi uniquement,Non,Non,NA,Non,Oui,NA,NA,NA,NA,NA,NA,NA
NA,2021-10-12,Sur le terrain (lieu de travail ou d’habitation du migrant…),Actuellement ouvert et les activités marchent bien,Oui,Non,Pire,Oui,Très satisfait,Ghana,Niger,Masculin,18-35 ans,5,Non,En nature,Couture,Moi uniquement,Non,Non,NA,Non,Oui,NA,NA,NA,NA,NA,NA,NA
NA,2021-10-12,Par téléphone,Actuellement ouvert et les activités marchent difficilement,Partiellement,Non,Identique,Partiellement,Satisfait,Sénégal,Espagne,Masculin,18-35 ans,0,Non,En nature,Couture,Moi et membres de la communauté,Oui,Non,NA,Oui Négativement,Oui,NA,NA,NA,NA,NA,NA,NA
NA,2021-10-13,Par téléphone,Actuellement ouvert et les activités marchent bien,Oui,Non,Pire,Oui,Très satisfait,Sénégal,Lybie,Masculin,18-35 ans,2,Non,En nature,Elevage,Moi uniquement,Oui,Oui,1,Non,Oui,NA,NA,NA,NA,NA,NA,NA
NA,2021-10-14,Par téléphone,Actuellement ouvert et les activités marchent bien,Oui,Non,Pire,Oui,Très satisfait,Sénégal,Lybie,Masculin,18-35 ans,6,Non,En nature,Commerce,Moi uniquement,Non,Non,NA,Non,Oui,NA,NA,NA,NA,NA,NA,NA
NA,2021-10-15,Par téléphone,Actuellement ouvert et les activités marchent difficilement,Oui,Non,Mieux,N/A (retour non volontaire),Satisfait,Sénégal,Espagne,Masculin,18-35 ans,0,Non,En nature,Agriculture,Moi uniquement,Non,Oui,4 et plus,Oui Négativement,Oui,NA,NA,NA,NA,NA,NA,NA
NA,2021-10-21,Sur le terrain (lieu de travail ou d’habitation du migrant…),Actuellement ouvert et les activités marchent bien,Oui,Non,Pire,Oui,Très satisfait,Ghana,Lybie,Masculin,36-65 ans,2,Non,En nature,Autre,Moi uniquement,Non,Oui,4 et plus,Non,Oui,NA,NA,NA,NA,NA,NA,NA
LY1020005937,2021-10-21,Sur le terrain (lieu de travail ou d’habitation du migrant…),Actuellement ouvert et les activités marchent bien,Partiellement,Non,Pire,Oui,Très satisfait,Ghana,Lybie,Masculin,36-65 ans,6,Non,En nature,Commerce,Moi uniquement,Non,Non,NA,Non,Oui,Individual,NA,NA,2020-11-24T00:00:00Z,2021-07-22T00:00:00Z,Male,53
LY1020005937,2021-10-21,Sur le terrain (lieu de travail ou d’habitation du migrant…),Actuellement ouvert et les activités marchent bien,Partiellement,Non,Pire,Oui,Très satisfait,Ghana,Lybie,Masculin,36-65 ans,6,Non,En nature,Commerce,Moi uniquement,Non,Non,NA,Non,Oui,Individual,NA,NA,2020-11-24T00:00:00Z,2021-07-22T00:00:00Z,Female,34
NA,2021-10-26,Par téléphone,Actuellement ouvert et les activités marchent bien,Oui,Non,Pire,Oui,Très satisfait,Sénégal,Lybie,Masculin,18-35 ans,6,Non,En nature,Commerce,Moi uniquement,Non,Non,NA,Oui Négativement,Oui,NA,NA,NA,NA,NA,NA,NA
NA,2021-10-28,Sur le terrain (lieu de travail ou d’habitation du migrant…),Actuellement ouvert et les activités marchent difficilement,Partiellement,Non,Pire,Oui,Très satisfait,Ghana,Lybie,Masculin,36-65 ans,5,Non,En nature,Bâtiment/construction,Moi uniquement,Non,Non,NA,Non,Non,NA,NA,NA,NA,NA,NA,NA
MA1021001608,2021-10-28,Par téléphone,Mon entreprise n’est pas encore ouverte,Partiellement,Non,Pire,Oui,Très satisfait,Côte D'Ivoire,Maroc,Masculin,36-65 ans,14,Non,En espèces,Coiffure,Moi avec des migrants de retour,Oui,Non,NA,Non,Oui,Collective,NA,TRUE,2021-05-27T00:00:00Z,2022-05-18T00:00:00Z,Male,36
MA1021001608,2021-10-28,Par téléphone,Mon entreprise n’est pas encore ouverte,Partiellement,Non,Pire,Oui,Très satisfait,Côte D'Ivoire,Maroc,Masculin,36-65 ans,14,Non,En espèces,Coiffure,Moi avec des migrants de retour,Oui,Non,NA,Non,Oui,Collective,NA,TRUE,2021-05-27T00:00:00Z,2022-05-18T00:00:00Z,Female,29
NA,2021-11-01,Sur le terrain (lieu de travail ou d’habitation du migrant…),Actuellement ouvert et les activités marchent bien,Oui,Non,Pire,Oui,Très satisfait,Ghana,Lybie,Masculin,36-65 ans,3,Non,En nature,Bâtiment/construction,Moi uniquement,Non,Oui,1,Non,Oui,NA,NA,NA,NA,NA,NA,NA
NE1018001888,2021-11-26,Par téléphone,Actuellement ouvert et les activités marchent bien,Partiellement,Oui régulièrement,Pire,Oui,Très satisfait,Côte D'Ivoire,Niger,Masculin,18-35 ans,4,Non,En nature,Aviculture,Moi uniquement,Oui,Non,NA,Oui Négativement,Oui,Individual,NA,NA,2018-04-03T00:00:00Z,2019-07-30T00:00:00Z,Female,37
NE1018001888,2021-11-26,Par téléphone,Actuellement ouvert et les activités marchent bien,Partiellement,Oui régulièrement,Pire,Oui,Très satisfait,Côte D'Ivoire,Niger,Masculin,18-35 ans,4,Non,En nature,Aviculture,Moi uniquement,Oui,Non,NA,Oui Négativement,Oui,Community,NA,NA,2018-04-03T00:00:00Z,2019-06-12T00:00:00Z,Male,34
NA,2021-11-03,Sur le terrain (lieu de travail ou d’habitation du migrant…),Actuellement ouvert et les activités marchent bien,Oui,Oui régulièrement,Pire,Oui,Très satisfait,Ghana,Lybie,Masculin,18-35 ans,3,Non,En nature,Coiffure,Moi uniquement,Non,Oui,1,Oui Négativement,Oui,NA,NA,NA,NA,NA,NA,NA
NA,2021-11-30,Par téléphone,Actuellement ouvert et les activités marchent bien,Non,Non,Identique,Oui,Très satisfait,Côte D'Ivoire,Niger,Masculin,18-35 ans,1,Non,En nature,Elevage,Moi uniquement,Non,Non,NA,Oui Négativement,Oui,NA,NA,NA,NA,NA,NA,NA
NA,2021-12-06,Par téléphone,Actuellement ouvert et les activités marchent bien,Oui,Non,Pire,Oui,Très satisfait,Côte D'Ivoire,Maroc,Masculin,18-35 ans,2,Non,En nature,Commerce,Moi uniquement,Non,Non,NA,Non,Oui,NA,NA,NA,NA,NA,NA,NA
NA,2021-12-09,Par téléphone,Actuellement ouvert et les activités marchent bien,Oui,Non,Pire,Oui,Très satisfait,Côte D'Ivoire,Algerie,Masculin,18-35 ans,0,Non,En espèces,Commerce,Moi uniquement,Non,Oui,4 et plus,Oui Négativement,Oui,NA,NA,NA,NA,NA,NA,NA
NA,2021-12-09,Par téléphone,Actuellement ouvert et les activités marchent difficilement,Partiellement,Non,Pire,Oui,OK,Côte D'Ivoire,Algerie,Masculin,18-35 ans,5,Non,En espèces,Autre,Moi uniquement,Oui,Non,NA,Non,Oui,NA,NA,NA,NA,NA,NA,NA
NA,2021-12-16,Par téléphone,Mon entreprise n’est pas encore ouverte,Non,Non,Pire,Oui,Très satisfait,Côte D'Ivoire,Maroc,Masculin,18-35 ans,NA,Non,En espèces,Autre,Moi uniquement,Non,Non,NA,Non,Oui,NA,NA,NA,NA,NA,NA,NA
NA,2021-12-17,Par téléphone,Actuellement ouvert et les activités marchent bien,Oui,Non,Pire,Oui,Très satisfait,Côte D'Ivoire,Maroc,Féminin,18-35 ans,3,Non,En espèces,Commerce,Moi uniquement,Oui,Non,NA,Non,Oui,NA,NA,NA,NA,NA,NA,NA
NA,2022-03-11,Sur le terrain (lieu de travail ou d’habitation du migrant…),Actuellement ouvert et les activités marchent difficilement,Oui,Non,Pire,Oui,Satisfait,Sénégal,Maroc,Masculin,36-65 ans,2,Non,En nature,Agriculture,Moi uniquement,Non,Non,NA,Non,Oui,NA,NA,NA,NA,NA,NA,NA
NA,2022-03-12,Sur le terrain (lieu de travail ou d’habitation du migrant…),Actuellement ouvert et les activités marchent bien,Oui,Non,Pire,Oui,Très satisfait,Sénégal,Niger,Féminin,36-65 ans,1,Non,En nature,Commerce,Moi uniquement,Non,Non,NA,Non,Oui,NA,NA,NA,NA,NA,NA,NA
NA,2022-03-12,Sur le terrain (lieu de travail ou d’habitation du migrant…),Actuellement ouvert et les activités marchent bien,Partiellement,Non,Pire,Partiellement,Satisfait,Sénégal,Lybie,Féminin,36-65 ans,0,Non,En nature,Commerce,Moi uniquement,Non,Non,NA,Oui Négativement,Oui,NA,NA,NA,NA,NA,NA,NA
NA,2022-03-13,Sur le terrain (lieu de travail ou d’habitation du migrant…),Actuellement ouvert et les activités marchent bien,Oui,Oui régulièrement,Pire,Oui,Très satisfait,Sénégal,Algerie,Masculin,18-35 ans,1,Non,En nature,Transport (Moto - Auto et autres),Moi uniquement,Non,Non,NA,Non,Non,NA,NA,NA,NA,NA,NA,NA
NA,2022-03-11,Sur le terrain (lieu de travail ou d’habitation du migrant…),Actuellement ouvert et les activités marchent bien,Non,Non,Pire,Non,Très satisfait,Sénégal,Maroc,Masculin,18-35 ans,0,Non,En nature,Elevage,Moi uniquement,Non,Non,NA,Non,Oui,NA,NA,NA,NA,NA,NA,NA
NA,2022-03-14,Sur le terrain (lieu de travail ou d’habitation du migrant…),Actuellement ouvert et les activités marchent bien,Oui,Non,Pire,Partiellement,Très satisfait,Sénégal,Algerie,Masculin,36-65 ans,0,Non,En nature,Commerce,Moi uniquement,Non,Non,NA,Non,Oui,NA,NA,NA,NA,NA,NA,NA
NA,2022-03-14,Sur le terrain (lieu de travail ou d’habitation du migrant…),Actuellement ouvert et les activités marchent bien,Oui,Non,Pire,Oui,Pas satisfait,Sénégal,Lybie,Masculin,18-35 ans,2,Non,En nature,Commerce,Moi uniquement,Oui,Non,NA,Non,Oui,NA,NA,NA,NA,NA,NA,NA
NA,2022-03-11,Sur le terrain (lieu de travail ou d’habitation du migrant…),Actuellement ouvert et les activités marchent bien,Oui,Non,Pire,Oui,Très satisfait,Sénégal,Niger,Masculin,18-35 ans,3,Non,En nature,Commerce,Moi uniquement,Non,Non,NA,Non,Oui,NA,NA,NA,NA,NA,NA,NA
LY1021006171,2022-03-15,Par téléphone,Actuellement ouvert et les activités marchent difficilement,Oui,Souhaite ne pas répondre,Mieux,Oui,Très satisfait,Mali,Algerie,Masculin,36-65 ans,2,Non,Mixte,Commerce,Moi uniquement,Oui,Non,NA,Non,Oui,NA,NA,NA,2021-11-12T00:00:00Z,2021-11-14T00:00:00Z,Female,51
LY1021006171,2022-03-15,Par téléphone,Actuellement ouvert et les activités marchent difficilement,Oui,Souhaite ne pas répondre,Mieux,Oui,Très satisfait,Mali,Algerie,Masculin,36-65 ans,2,Non,Mixte,Commerce,Moi uniquement,Oui,Non,NA,Non,Oui,Individual,NA,NA,2021-11-12T00:00:00Z,2021-11-14T00:00:00Z,Male,19
LY1021006171,2022-03-15,Par téléphone,Actuellement ouvert et les activités marchent difficilement,Oui,Souhaite ne pas répondre,Mieux,Oui,Très satisfait,Mali,Algerie,Masculin,36-65 ans,2,Non,Mixte,Commerce,Moi uniquement,Oui,Non,NA,Non,Oui,NA,NA,TRUE,2021-11-12T00:00:00Z,2021-12-11T00:00:00Z,Male,17
LY1021006171,2022-03-15,Par téléphone,Actuellement ouvert et les activités marchent difficilement,Oui,Souhaite ne pas répondre,Mieux,Oui,Très satisfait,Mali,Algerie,Masculin,36-65 ans,2,Non,Mixte,Commerce,Moi uniquement,Oui,Non,NA,Non,Oui,Individual,NA,TRUE,2021-11-12T00:00:00Z,2021-12-11T00:00:00Z,Male,65
NA,2022-03-15,Sur le terrain (lieu de travail ou d’habitation du migrant…),Actuellement ouvert et les activités marchent difficilement,Oui,Oui régulièrement,Identique,Oui,Satisfait,Sénégal,Allemagne,Masculin,36-65 ans,10,Non,En nature,Commerce,Moi et membres de la communauté,Oui,Oui,2,Oui Négativement,Oui,NA,NA,NA,NA,NA,NA,NA
NA,2022-03-15,Sur le terrain (lieu de travail ou d’habitation du migrant…),Actuellement ouvert et les activités marchent bien,Oui,Non,Pire,Oui,Satisfait,Sénégal,Niger,Masculin,18-35 ans,0,Non,En nature,Artisan-Ouvrier,Moi uniquement,Non,Oui,1,Oui Négativement,Oui,NA,NA,NA,NA,NA,NA,NA
NA,2022-03-15,Sur le terrain (lieu de travail ou d’habitation du migrant…),Actuellement ouvert et les activités marchent bien,Oui,Non,Identique,Oui,Très satisfait,Sénégal,Niger,Masculin,18-35 ans,2,Non,En nature,Commerce,Moi uniquement,Non,Non,NA,Non,Oui,NA,NA,NA,NA,NA,NA,NA
LY1021011159,2022-03-16,Par téléphone,Mon entreprise n’est pas encore ouverte,Oui,Souhaite ne pas répondre,Souhaite ne pas répondre,Souhaite ne pas répondre,Souhaite ne pas répondre,Mali,Algerie,Masculin,18-35 ans,2,Non,Mixte,Commerce,Moi uniquement,Oui,Non,NA,Non,Oui,NA,NA,TRUE,2022-02-15T00:00:00Z,2022-02-26T00:00:00Z,Female,19
LY1021011159,2022-03-16,Par téléphone,Mon entreprise n’est pas encore ouverte,Oui,Souhaite ne pas répondre,Souhaite ne pas répondre,Souhaite ne pas répondre,Souhaite ne pas répondre,Mali,Algerie,Masculin,18-35 ans,2,Non,Mixte,Commerce,Moi uniquement,Oui,Non,NA,Non,Oui,Individual,NA,TRUE,2022-02-15T00:00:00Z,2022-12-27T00:00:00Z,Male,31
NA,2022-03-16,Sur le terrain (lieu de travail ou d’habitation du migrant…),Fermée,Non,Oui régulièrement,Identique,Non,Pas satisfait,Sénégal,Maroc,Féminin,18-35 ans,6,Non,En nature,Aviculture,Moi uniquement,Non,Non,NA,Non,Oui,NA,NA,NA,NA,NA,NA,NA
NA,2022-03-16,Sur le terrain (lieu de travail ou d’habitation du migrant…),Actuellement ouvert et les activités marchent difficilement,Oui,Non,Pire,Oui,Très satisfait,Sénégal,Maroc,Masculin,18-35 ans,1,Non,En nature,Transport (Moto - Auto et autres),Moi uniquement,Oui,Non,NA,Non,Oui,NA,NA,NA,NA,NA,NA,NA
NA,2022-03-14,Sur le terrain (lieu de travail ou d’habitation du migrant…),Actuellement ouvert et les activités marchent bien,Oui,Non,Pire,Oui,Très satisfait,Sénégal,Maroc,Masculin,18-35 ans,17,Non,En nature,Aviculture,Moi uniquement,Oui,Non,NA,Oui Négativement,Oui,NA,NA,NA,NA,NA,NA,NA
NA,2022-04-25,Par téléphone,Actuellement ouvert et les activités marchent bien,Oui,Non,Pire,Oui,Très satisfait,Gambie,Algerie,Masculin,18-35 ans,3,Non,En nature,Couture,Moi uniquement,Non,Oui,2,Non,Oui,NA,NA,NA,NA,NA,NA,NA
NA,2022-04-25,Par téléphone,Actuellement ouvert et les activités marchent difficilement,Partiellement,Non,Pire,Oui,Satisfait,Gambie,Algerie,Masculin,18-35 ans,2,Non,En nature,Transport (Moto - Auto et autres),Moi uniquement,Oui,Non,NA,Non,Non,NA,NA,NA,NA,NA,NA,NA
NA,2022-05-10,Sur le terrain (lieu de travail ou d’habitation du migrant…),Actuellement ouvert et les activités marchent bien,Souhaite ne pas répondre,Non,Pire,Oui,Très satisfait,Burkina Faso,Lybie,Masculin,+65 ans,30,Non,Mixte,Elevage,Moi uniquement,Oui,Non,NA,Non,Oui,NA,NA,NA,NA,NA,NA,NA
NA,2022-05-11,Par téléphone,Actuellement ouvert et les activités marchent bien,Oui,Non,Pire,Oui,Très satisfait,Burkina Faso,Lybie,Masculin,18-35 ans,4,Non,En espèces,Commerce,Moi uniquement,Non,Non,NA,Non,Non,NA,NA,NA,NA,NA,NA,NA
NA,2022-05-17,Par téléphone,Fermée,Non,Non,Ne sait pas,Oui,OK,Gambie,Algerie,Masculin,18-35 ans,3,Non,En nature,Commerce,Moi uniquement,Oui,Non,NA,Non,Oui,NA,NA,NA,NA,NA,NA,NA
NA,2022-05-18,Par téléphone,Actuellement ouvert et les activités marchent bien,Partiellement,Non,Pire,Oui,Satisfait,Gambie,Lybie,Masculin,18-35 ans,1,Non,En nature,Commerce,Moi et membres de la communauté,Oui,Oui,1,Non,Oui,NA,NA,NA,NA,NA,NA,NA
NA,2022-05-24,Par téléphone,Actuellement ouvert et les activités marchent bien,Partiellement,Non,Pire,Oui,Satisfait,Gambie,Algerie,Masculin,18-35 ans,3,Non,En nature,Commerce,Moi uniquement,Oui,Oui,1,Non,Oui,NA,NA,NA,NA,NA,NA,NA
NA,2022-05-24,Par téléphone,Actuellement ouvert et les activités marchent difficilement,Non,Non,Ne sait pas,Oui,OK,Gambie,Algerie,Masculin,18-35 ans,3,Non,En nature,Elevage,Moi uniquement,Oui,Non,NA,Non,Oui,NA,NA,NA,NA,NA,NA,NA
NA,2022-05-24,Par téléphone,Fermée,Non,Non,Pire,Oui,Satisfait,Gambie,Algerie,Masculin,18-35 ans,2,Non,En nature,Bâtiment/construction,Moi uniquement,Oui,Non,NA,Non,Oui,NA,NA,NA,NA,NA,NA,NA
NA,2022-05-24,Par téléphone,Actuellement ouvert et les activités marchent bien,Partiellement,Non,Pire,Oui,Très satisfait,Gambie,Algerie,Masculin,18-35 ans,3,Non,En nature,Commerce,Moi et membres de la communauté,Oui,Oui,1,Non,Oui,NA,NA,NA,NA,NA,NA,NA
MR1021001601,2022-05-29,Sur le terrain (lieu de travail ou d’habitation du migrant…),Actuellement ouvert et les activités marchent difficilement,Partiellement,Oui régulièrement,Pire,Oui,Très satisfait,Sénégal,Mauritanie,Masculin,18-35 ans,3,Non,En nature,Commerce,Moi uniquement,Non,Non,NA,Non,Oui,Collective,NA,NA,2021-08-18T00:00:00Z,2022-04-30T00:00:00Z,Male,21
MR1021001601,2022-05-29,Sur le terrain (lieu de travail ou d’habitation du migrant…),Actuellement ouvert et les activités marchent difficilement,Partiellement,Oui régulièrement,Pire,Oui,Très satisfait,Sénégal,Mauritanie,Masculin,18-35 ans,3,Non,En nature,Commerce,Moi uniquement,Non,Non,NA,Non,Oui,Collective,NA,NA,2021-08-18T00:00:00Z,2022-04-30T00:00:00Z,Female,29
NA,2022-06-15,Par téléphone,Actuellement ouvert et les activités marchent bien,Non,Non,Pire,Oui,Très satisfait,Sénégal,Lybie,Masculin,18-35 ans,7,Non,En nature,Commerce,Moi uniquement,Oui,Oui,1,Non,Oui,NA,NA,NA,NA,NA,NA,NA
NA,2022-06-15,Par téléphone,Actuellement ouvert et les activités marchent difficilement,Partiellement,Non,Pire,Partiellement,OK,Nigeria,Lybie,Féminin,18-35 ans,1,Non,En nature,Agriculture,Moi uniquement,Oui,Non,NA,Oui Négativement,Oui,NA,NA,NA,NA,NA,NA,NA
TD1022001065,2022-06-20,Par téléphone,Actuellement ouvert et les activités marchent difficilement,Non,Non,Pire,Oui,Très satisfait,Sénégal,Tchad,Masculin,+65 ans,40,Non,En nature,Artisan-Ouvrier,Moi uniquement,Non,Non,NA,Non,Oui,Collective,NA,NA,2022-02-21T00:00:00Z,2022-04-28T00:00:00Z,Male,66
TD1022001065,2022-06-20,Par téléphone,Actuellement ouvert et les activités marchent difficilement,Non,Non,Pire,Oui,Très satisfait,Sénégal,Tchad,Masculin,+65 ans,40,Non,En nature,Artisan-Ouvrier,Moi uniquement,Non,Non,NA,Non,Oui,Collective,NA,TRUE,2022-02-21T00:00:00Z,2022-06-29T00:00:00Z,Female,17
TD1022001065,2022-06-20,Par téléphone,Actuellement ouvert et les activités marchent difficilement,Non,Non,Pire,Oui,Très satisfait,Sénégal,Tchad,Masculin,+65 ans,40,Non,En nature,Artisan-Ouvrier,Moi uniquement,Non,Non,NA,Non,Oui,Collective,NA,TRUE,2022-02-21T00:00:00Z,2022-06-29T00:00:00Z,Female,36
NA,2022-06-22,Sur le terrain (lieu de travail ou d’habitation du migrant…),Actuellement ouvert et les activités marchent bien,Non,Non,Identique,Partiellement,OK,Burkina Faso,Maroc,Masculin,18-35 ans,3,Non,En espèces,Elevage,Moi uniquement,Oui,Non,NA,Non,Non,NA,NA,NA,NA,NA,NA,NA
NA,2022-06-22,Par téléphone,Actuellement ouvert et les activités marchent difficilement,Partiellement,Non,Souhaite ne pas répondre,Oui,Satisfait,Burkina Faso,Lybie,Masculin,18-35 ans,NA,Non,En espèces,Commerce,Moi uniquement,Non,Non,NA,Non,Oui,NA,NA,NA,NA,NA,NA,NA
NA,2022-06-23,Sur le terrain (lieu de travail ou d’habitation du migrant…),Actuellement ouvert et les activités marchent bien,Non,Non,Pire,Oui,Très satisfait,Burkina Faso,Lybie,Masculin,18-35 ans,3,Non,En espèces,Elevage,Moi uniquement,Non,Non,NA,Non,Oui,NA,NA,NA,NA,NA,NA,NA
NA,2022-06-29,Sur le terrain (lieu de travail ou d’habitation du migrant…),Actuellement ouvert et les activités marchent difficilement,Non,Non,Pire,Oui,Très satisfait,Sénégal,Niger,Masculin,36-65 ans,1,Non,En nature,Artisan-Ouvrier,Moi et membres de la communauté,Non,Oui,1,Non,Oui,NA,NA,NA,NA,NA,NA,NA
NA,2022-07-04,Par téléphone,Actuellement ouvert et les activités marchent bien,Oui,Non,Pire,Oui,Très satisfait,Guinée,Algerie,Masculin,18-35 ans,0,Non,En nature,Transport (Moto - Auto et autres),Moi uniquement,Oui,Non,NA,Non,Oui,NA,NA,NA,NA,NA,NA,NA
NA,2022-07-04,Par téléphone,Actuellement ouvert et les activités marchent bien,Oui,Non,Pire,Oui,Très satisfait,Guinée,Algerie,Masculin,18-35 ans,0,Non,En nature,Transport (Moto - Auto et autres),Moi uniquement,Oui,Non,NA,Non,Non,NA,NA,NA,NA,NA,NA,NA
NA,2022-06-21,Sur le terrain (lieu de travail ou d’habitation du migrant…),Actuellement ouvert et les activités marchent difficilement,Partiellement,Non,Pire,Oui,Satisfait,Gambie,Lybie,Masculin,18-35 ans,4,Non,En nature,Mécanique,Moi et membres de la communauté,Oui,Oui,4 et plus,Non,Oui,NA,NA,NA,NA,NA,NA,NA
NA,2022-06-21,Sur le terrain (lieu de travail ou d’habitation du migrant…),Actuellement ouvert et les activités marchent bien,Oui,Non,Pire,Oui,Satisfait,Gambie,Lybie,Masculin,36-65 ans,1,Non,En nature,Commerce,Moi uniquement,Non,Non,NA,Non,Oui,NA,NA,NA,NA,NA,NA,NA
NA,2022-07-06,Par téléphone,Actuellement ouvert et les activités marchent bien,Oui,Non,Pire,Oui,Très satisfait,Guinée,Algerie,Masculin,18-35 ans,0,Non,En nature,Transport (Moto - Auto et autres),Moi uniquement,Oui,Non,NA,Non,Oui,NA,NA,NA,NA,NA,NA,NA
NA,2022-07-09,Par téléphone,Actuellement ouvert et les activités marchent bien,Partiellement,Non,Ne sait pas,Oui,Très satisfait,Tchad,Autre,Masculin,18-35 ans,2,Non,En nature,Commerce,Moi uniquement,Non,Non,NA,Oui Négativement,Oui,NA,NA,NA,NA,NA,NA,NA
NA,2022-07-14,Bureau OIM,Actuellement ouvert et les activités marchent difficilement,Partiellement,Non,Pire,Oui,Très satisfait,Guinée,Mali,Masculin,36-65 ans,2,Non,En espèces,Restauration,Moi uniquement,Non,Non,NA,Oui Négativement,Oui,NA,NA,NA,NA,NA,NA,NA
NA,2022-07-15,Par téléphone,Actuellement ouvert et les activités marchent bien,Oui,Non,Pire,Oui,Très satisfait,Sénégal,Maroc,Masculin,18-35 ans,2,Non,En nature,Commerce,Moi uniquement,Non,Non,NA,Non,Oui,NA,NA,NA,NA,NA,NA,NA
NA,2022-07-18,Bureau OIM,NA,NA,Non,Mieux,Oui,Très satisfait,Guinée,Niger,Masculin,18-35 ans,3,Non,En espèces,NA,NA,NA,NA,NA,NA,Oui,NA,NA,NA,NA,NA,NA,NA
NA,2022-06-24,Par téléphone,Actuellement ouvert et les activités marchent difficilement,Non,Non,Pire,Oui,Satisfait,Gambie,Lybie,Masculin,18-35 ans,4,Non,En nature,Commerce,Moi uniquement,Oui,Non,NA,Non,Non,NA,NA,NA,NA,NA,NA,NA
NA,2022-07-18,Par téléphone,Actuellement ouvert et les activités marchent difficilement,Partiellement,Non,Pire,Oui,Très satisfait,Sénégal,Mauritanie,Féminin,36-65 ans,15,Non,En nature,Restauration,Moi uniquement,Non,Non,NA,Non,Oui,NA,NA,NA,NA,NA,NA,NA
NA,2022-07-18,Par téléphone,Actuellement ouvert et les activités marchent difficilement,Partiellement,Non,Pire,Oui,Satisfait,Burkina Faso,Lybie,Féminin,18-35 ans,6,Non,En espèces,Restauration,Moi uniquement,Non,Non,NA,Non,Oui,NA,NA,NA,NA,NA,NA,NA
NA,2022-07-19,Par téléphone,Actuellement ouvert et les activités marchent bien,Oui,Non,Mieux,Oui,Très satisfait,Guinée,Lybie,Masculin,18-35 ans,3,Non,En espèces,Commerce,Moi uniquement,Non,Non,NA,Non,Oui,NA,NA,NA,NA,NA,NA,NA
NA,2022-07-19,Par téléphone,Actuellement ouvert et les activités marchent bien,Non,Non,Pire,Oui,Très satisfait,Burkina Faso,Lybie,Masculin,+65 ans,4,Non,En espèces,Elevage,Moi uniquement,Oui,Non,NA,Non,Oui,NA,NA,NA,NA,NA,NA,NA
NA,2022-07-20,Par téléphone,Actuellement ouvert et les activités marchent bien,Partiellement,Non,Pire,Oui,Très satisfait,Nigeria,Niger,Féminin,36-65 ans,1,Oui,En nature,Coiffure,Moi uniquement,Oui,Non,NA,Non,Non,NA,NA,NA,NA,NA,NA,NA
NA,2022-07-20,Par téléphone,Actuellement ouvert et les activités marchent bien,Oui,Non,Ne sait pas,Oui,Très satisfait,Guinée,Lybie,Masculin,18-35 ans,2,Non,En nature,Couture,Moi uniquement,Oui,Oui,4 et plus,Oui Négativement,Oui,NA,NA,NA,NA,NA,NA,NA
NA,2022-07-20,Par téléphone,Actuellement ouvert et les activités marchent bien,Partiellement,Non,Pire,Oui,Très satisfait,Guinée,Mauritanie,Féminin,14-17 ans,11,Non,Mixte,Commerce,Moi uniquement,Non,Non,NA,Non,Oui,NA,NA,NA,NA,NA,NA,NA
NA,2022-07-20,Par téléphone,NA,NA,Non,Pire,Oui,Très satisfait,Guinée,Mauritanie,Féminin,18-35 ans,4,Non,En espèces,NA,NA,NA,NA,NA,NA,Oui,NA,NA,NA,NA,NA,NA,NA
NA,2022-07-21,Par téléphone,Actuellement ouvert et les activités marchent bien,Partiellement,Non,Pire,Oui,Satisfait,Guinée,Lybie,Masculin,18-35 ans,2,Non,En nature,Elevage,Moi uniquement,Oui,Oui,2,Non,Oui,NA,NA,NA,NA,NA,NA,NA
NA,2022-07-21,Par téléphone,Actuellement ouvert et les activités marchent bien,Partiellement,Non,Pire,Oui,Très satisfait,Guinée,Algerie,Masculin,18-35 ans,5,Non,Mixte,Commerce,Moi uniquement,Non,Non,NA,Non,Oui,NA,NA,NA,NA,NA,NA,NA
NA,2022-07-21,Par téléphone,Actuellement ouvert et les activités marchent bien,Oui,Non,Mieux,Oui,Satisfait,Guinée,Algerie,Masculin,14-17 ans,0,Non,Mixte,Commerce,Moi et membres de la communauté,Non,Oui,1,Non,Oui,NA,NA,NA,NA,NA,NA,NA
NA,2022-07-23,Sur le terrain (lieu de travail ou d’habitation du migrant…),Actuellement ouvert et les activités marchent bien,Souhaite ne pas répondre,Non,Pire,Oui,Très satisfait,Guinée,Lybie,Masculin,18-35 ans,1,Non,En espèces,Elevage,Moi uniquement,Non,Non,NA,Non,Oui,NA,NA,NA,NA,NA,NA,NA
NA,2022-07-24,Par téléphone,Actuellement ouvert et les activités marchent bien,Oui,Non,Pire,Oui,OK,Nigeria,Lybie,Masculin,18-35 ans,2,Non,En nature,Aviculture,Moi uniquement,Oui,Non,NA,Non,Oui,NA,NA,NA,NA,NA,NA,NA
NA,2022-07-24,Par téléphone,Actuellement ouvert et les activités marchent bien,Oui,Non,Pire,Oui,Très satisfait,Guinée,Algerie,Masculin,18-35 ans,1,Non,En nature,Transport (Moto - Auto et autres),Moi uniquement,Oui,Non,NA,Non,Non,NA,NA,NA,NA,NA,NA,NA
NA,2022-07-22,Sur le terrain (lieu de travail ou d’habitation du migrant…),Actuellement ouvert et les activités marchent difficilement,Oui,Non,Pire,Oui,Satisfait,Burkina Faso,Lybie,Féminin,18-35 ans,6,Non,En espèces,Restauration,Moi uniquement,Oui,Non,NA,Non,Oui,NA,NA,NA,NA,NA,NA,NA
NA,2022-07-22,Par téléphone,Actuellement ouvert et les activités marchent bien,Oui,Non,Pire,Oui,Très satisfait,Guinée,Algerie,Masculin,18-35 ans,1,Non,En nature,Transport (Moto - Auto et autres),Moi uniquement,Oui,Non,NA,Non,Non,NA,NA,NA,NA,NA,NA,NA
NA,2022-07-25,Par téléphone,Actuellement ouvert et les activités marchent difficilement,Partiellement,Oui régulièrement,Pire,Oui,Satisfait,Sénégal,Maroc,Masculin,18-35 ans,5,Non,En nature,Commerce,Moi et membres de la communauté,Oui,Oui,1,Non,Oui,NA,NA,NA,NA,NA,NA,NA
NA,2022-07-21,Par téléphone,Actuellement ouvert et les activités marchent bien,Partiellement,Non,Identique,Oui,Très satisfait,Guinée,Algerie,Masculin,14-17 ans,0,Non,En nature,Commerce,Moi uniquement,Non,Oui,1,Non,Oui,NA,NA,NA,NA,NA,NA,NA
NA,2022-08-04,Par téléphone,NA,NA,NA,NA,NA,NA,Guinée,Algerie,Masculin,18-35 ans,NA,Non,NA,NA,NA,NA,NA,NA,NA,NA,NA,NA,NA,NA,NA,NA,NA
NA,2022-08-08,Par téléphone,Actuellement ouvert et les activités marchent bien,Partiellement,Non,Pire,N/A (retour non volontaire),Très satisfait,Burkina Faso,Niger,Masculin,18-35 ans,0,Non,Mixte,Commerce,Moi uniquement,Oui,Non,NA,Non,Non,NA,NA,NA,NA,NA,NA,NA
LY1022002734,2022-08-10,Par téléphone,Actuellement ouvert et les activités marchent difficilement,Partiellement,Non,Pire,Oui,Très satisfait,Nigeria,Lybie,Féminin,18-35 ans,2,Non,En nature,Agriculture,Moi uniquement,Oui,Non,NA,Non,Oui,Individual,NA,TRUE,2022-02-23T00:00:00Z,2022-05-23T00:00:00Z,Male,27
LY1022002734,2022-08-10,Par téléphone,Actuellement ouvert et les activités marchent difficilement,Partiellement,Non,Pire,Oui,Très satisfait,Nigeria,Lybie,Féminin,18-35 ans,2,Non,En nature,Agriculture,Moi uniquement,Oui,Non,NA,Non,Oui,Individual,NA,TRUE,2022-02-23T00:00:00Z,2022-05-23T00:00:00Z,Female,28
NA,2022-08-10,Par téléphone,Actuellement ouvert et les activités marchent bien,Oui,Non,Pire,Oui,Très satisfait,Guinée,Niger,Masculin,18-35 ans,1,Non,En nature,Commerce,Moi uniquement,Oui,Non,NA,Non,Oui,NA,NA,NA,NA,NA,NA,NA
NA,2022-08-10,Par téléphone,Actuellement ouvert et les activités marchent bien,Oui,Non,Pire,Partiellement,Très satisfait,Guinée,Algerie,Masculin,18-35 ans,NA,Non,Mixte,Transport (Moto - Auto et autres),Moi uniquement,Oui,Non,NA,Non,Oui,NA,NA,NA,NA,NA,NA,NA
LY1022004031,2022-08-12,Sur le terrain (lieu de travail ou d’habitation du migrant…),Actuellement ouvert et les activités marchent difficilement,Non,Non,Pire,Oui,Pas satisfait,Nigeria,Lybie,Masculin,18-35 ans,3,Non,En nature,Commerce,Moi uniquement,Oui,Non,NA,Oui Négativement,Oui,Individual,NA,TRUE,2022-03-15T00:00:00Z,2022-05-31T00:00:00Z,Male,23
LY1022004031,2022-08-12,Sur le terrain (lieu de travail ou d’habitation du migrant…),Actuellement ouvert et les activités marchent difficilement,Non,Non,Pire,Oui,Pas satisfait,Nigeria,Lybie,Masculin,18-35 ans,3,Non,En nature,Commerce,Moi uniquement,Oui,Non,NA,Oui Négativement,Oui,Individual,NA,TRUE,2022-03-15T00:00:00Z,2022-06-27T00:00:00Z,Female,39
LY1022004031,2022-08-12,Sur le terrain (lieu de travail ou d’habitation du migrant…),Actuellement ouvert et les activités marchent difficilement,Non,Non,Pire,Oui,Pas satisfait,Nigeria,Lybie,Masculin,18-35 ans,3,Non,En nature,Commerce,Moi uniquement,Oui,Non,NA,Oui Négativement,Oui,Individual,NA,TRUE,2022-03-15T00:00:00Z,2022-06-16T00:00:00Z,Male,36
TD1022001219,2022-07-24,Sur le terrain (lieu de travail ou d’habitation du migrant…),Actuellement ouvert et les activités marchent difficilement,Partiellement,Non,Pire,Oui,OK,Nigeria,Lybie,Masculin,18-35 ans,3,Non,En nature,Commerce,Moi uniquement,Oui,Non,NA,Non,Oui,Individual,NA,NA,2022-05-05T00:00:00Z,2022-07-20T00:00:00Z,Male,29
TD1022001219,2022-07-24,Sur le terrain (lieu de travail ou d’habitation du migrant…),Actuellement ouvert et les activités marchent difficilement,Partiellement,Non,Pire,Oui,OK,Nigeria,Lybie,Masculin,18-35 ans,3,Non,En nature,Commerce,Moi uniquement,Oui,Non,NA,Non,Oui,Individual,NA,TRUE,2022-05-05T00:00:00Z,2022-07-27T00:00:00Z,Female,22
NA,2022-07-25,Sur le terrain (lieu de travail ou d’habitation du migrant…),Actuellement ouvert et les activités marchent bien,Partiellement,Non,Pire,Oui,OK,Nigeria,Lybie,Masculin,18-35 ans,5,Non,En nature,Commerce,Moi uniquement,Oui,Non,NA,Non,Oui,NA,NA,NA,NA,NA,NA,NA
NA,2022-08-15,Par téléphone,Actuellement ouvert et les activités marchent bien,Oui,Non,Pire,Oui,Très satisfait,Guinée,Niger,Masculin,18-35 ans,3,Non,En nature,Elevage,Moi et membres de la communauté,Non,Oui,3,Non,Oui,NA,NA,NA,NA,NA,NA,NA
NA,2022-08-15,Par téléphone,Actuellement ouvert et les activités marchent bien,Oui,Oui régulièrement,Identique,Non,Satisfait,Guinée,Niger,Masculin,18-35 ans,1,Non,En nature,Transport (Moto - Auto et autres),Moi et membres de la communauté,Oui,Oui,1,Non,Oui,NA,NA,NA,NA,NA,NA,NA
NA,2022-08-10,Par téléphone,Actuellement ouvert et les activités marchent bien,Partiellement,Oui régulièrement,Pire,Oui,Satisfait,Guinée,Algerie,Masculin,18-35 ans,0,Non,Mixte,Transport (Moto - Auto et autres),Moi et membres de la communauté,Oui,Oui,1,Non,Oui,NA,NA,NA,NA,NA,NA,NA
NA,2022-08-20,Sur le terrain (lieu de travail ou d’habitation du migrant…),Actuellement ouvert et les activités marchent bien,Partiellement,Non,Pire,Oui,Très satisfait,Nigeria,Algerie,Masculin,18-35 ans,2,Non,En nature,Commerce,Moi uniquement,Oui,Non,NA,Non,Oui,NA,NA,NA,NA,NA,NA,NA
LY1022004033,2022-08-21,Sur le terrain (lieu de travail ou d’habitation du migrant…),Actuellement ouvert et les activités marchent bien,Partiellement,Non,Souhaite ne pas répondre,Oui,Très satisfait,Nigeria,Lybie,Masculin,18-35 ans,03,Non,En nature,Commerce,Moi uniquement,Oui,Oui,1,Non,Oui,Individual,NA,TRUE,2022-03-15T00:00:00Z,2022-12-12T00:00:00Z,Female,22
LY1022004033,2022-08-21,Sur le terrain (lieu de travail ou d’habitation du migrant…),Actuellement ouvert et les activités marchent bien,Partiellement,Non,Souhaite ne pas répondre,Oui,Très satisfait,Nigeria,Lybie,Masculin,18-35 ans,03,Non,En nature,Commerce,Moi uniquement,Oui,Oui,1,Non,Oui,Individual,NA,TRUE,2022-03-15T00:00:00Z,2022-06-24T00:00:00Z,Male,29
NA,2022-07-26,Sur le terrain (lieu de travail ou d’habitation du migrant…),Actuellement ouvert et les activités marchent bien,Partiellement,Non,Pire,Oui,OK,Nigeria,Lybie,Masculin,18-35 ans,1,Non,En nature,Autre,Moi uniquement,Oui,Non,NA,Non,Oui,NA,NA,NA,NA,NA,NA,NA
NA,2022-08-22,Sur le terrain (lieu de travail ou d’habitation du migrant…),Actuellement ouvert et les activités marchent difficilement,Partiellement,Non,Identique,Oui,Très satisfait,Nigeria,Algerie,Masculin,18-35 ans,1,Non,En nature,Commerce,Moi uniquement,Oui,Oui,2,Non,Oui,NA,NA,NA,NA,NA,NA,NA
NA,2022-08-18,Par téléphone,Actuellement ouvert et les activités marchent bien,Oui,Non,Pire,Oui,Très satisfait,Guinée,Maroc,Masculin,18-35 ans,1,Non,Mixte,Transport (Moto - Auto et autres),Moi uniquement,Oui,Non,NA,Non,Oui,NA,NA,NA,NA,NA,NA,NA
NA,2022-08-24,Sur le terrain (lieu de travail ou d’habitation du migrant…),Actuellement ouvert et les activités marchent bien,Partiellement,Non,Pire,Oui,Satisfait,Nigeria,Algerie,Masculin,18-35 ans,3,Oui,En nature,Agriculture,Moi uniquement,Oui,Oui,1,Non,Oui,NA,NA,NA,NA,NA,NA,NA
NA,2022-08-25,Bureau OIM,Actuellement ouvert et les activités marchent bien,Oui,Non,Pire,Oui,Très satisfait,Guinée,Algerie,Masculin,18-35 ans,1,Non,Mixte,Transport (Moto - Auto et autres),Moi et membres de la communauté,Oui,Oui,1,Non,Oui,NA,NA,NA,NA,NA,NA,NA
NA,2022-08-25,Sur le terrain (lieu de travail ou d’habitation du migrant…),Actuellement ouvert et les activités marchent bien,Oui,Non,Pire,Oui,Satisfait,Nigeria,Egypt,Masculin,18-35 ans,2,Non,En espèces,Commerce,Moi uniquement,Oui,Oui,2,Non,Oui,NA,NA,NA,NA,NA,NA,NA
NA,2022-08-26,Par téléphone,Actuellement ouvert et les activités marchent bien,Oui,Non,Pire,Oui,Très satisfait,Nigeria,Algerie,Masculin,18-35 ans,0,Non,En espèces,Commerce,Moi uniquement,Oui,Oui,1,Non,Oui,NA,NA,NA,NA,NA,NA,NA
NA,2022-08-26,Par téléphone,Actuellement ouvert et les activités marchent bien,Oui,Non,Pire,Oui,Très satisfait,Nigeria,Lybie,Masculin,18-35 ans,0,Non,En espèces,Commerce,Moi uniquement,Oui,Oui,1,Non,Oui,NA,NA,NA,NA,NA,NA,NA
NA,2022-08-28,Sur le terrain (lieu de travail ou d’habitation du migrant…),Actuellement ouvert et les activités marchent difficilement,Oui,Non,Pire,Oui,Satisfait,Gambie,Algerie,Masculin,18-35 ans,0,Non,En nature,Commerce,Moi uniquement,Oui,Non,NA,Non,Oui,NA,NA,NA,NA,NA,NA,NA
NA,2022-08-14,Par téléphone,Actuellement ouvert et les activités marchent bien,Oui,Non,Pire,Oui,Très satisfait,Guinée,Lybie,Masculin,18-35 ans,8,Non,En espèces,Commerce,Moi uniquement,Oui,Non,NA,Non,Oui,NA,NA,NA,NA,NA,NA,NA
NA,2022-08-13,Par téléphone,Actuellement ouvert et les activités marchent bien,Oui,Non,Pire,Oui,Satisfait,Guinée,Mali,Masculin,18-35 ans,8,Non,En espèces,Commerce,Moi uniquement,Oui,Non,NA,Non,Oui,NA,NA,NA,NA,NA,NA,NA
NA,2022-08-13,Par téléphone,Actuellement ouvert et les activités marchent bien,Oui,Non,Pire,Oui,Très satisfait,Guinée,Mali,Masculin,18-35 ans,8,Non,En espèces,Commerce,Moi uniquement,Oui,Non,NA,Non,Oui,NA,NA,NA,NA,NA,NA,NA
NA,2022-09-04,Sur le terrain (lieu de travail ou d’habitation du migrant…),Actuellement ouvert et les activités marchent bien,Oui,Non,Pire,Oui,Satisfait,Nigeria,Tchad,Féminin,18-35 ans,4,Oui,En nature,Commerce,Moi uniquement,Oui,Non,NA,Non,Oui,NA,NA,NA,NA,NA,NA,NA
NA,2022-09-05,Sur le terrain (lieu de travail ou d’habitation du migrant…),Actuellement ouvert et les activités marchent bien,Partiellement,Non,Pire,Oui,Satisfait,Nigeria,Algerie,Masculin,18-35 ans,1,Non,En nature,Agriculture,Moi uniquement,Oui,Non,NA,Non,Oui,NA,NA,NA,NA,NA,NA,NA
NA,2022-08-27,Sur le terrain (lieu de travail ou d’habitation du migrant…),Actuellement ouvert et les activités marchent bien,Partiellement,Non,Pire,Oui,Satisfait,Gambie,Lybie,Masculin,18-35 ans,3,Non,En nature,Commerce,Moi uniquement,Oui,Non,NA,Non,Oui,NA,NA,NA,NA,NA,NA,NA
NA,2022-08-29,Sur le terrain (lieu de travail ou d’habitation du migrant…),Actuellement ouvert et les activités marchent difficilement,Non,Oui régulièrement,Pire,Oui,Satisfait,Gambie,Niger,Masculin,18-35 ans,1,Non,En nature,Elevage,Moi uniquement,Non,Non,NA,Non,Oui,NA,NA,NA,NA,NA,NA,NA
NA,2022-08-29,Sur le terrain (lieu de travail ou d’habitation du migrant…),Actuellement ouvert et les activités marchent bien,Partiellement,Oui régulièrement,Pire,Oui,Satisfait,Gambie,Lybie,Masculin,18-35 ans,0,Non,En nature,Elevage,Moi uniquement,Oui,Non,NA,Non,Oui,NA,NA,NA,NA,NA,NA,NA
NA,2022-09-07,Par téléphone,Actuellement ouvert et les activités marchent bien,Oui,Non,Pire,Oui,Très satisfait,Guinée,Niger,Masculin,18-35 ans,2,Non,En nature,Transport (Moto - Auto et autres),Moi et membres de la communauté,Oui,Oui,1,Non,Oui,NA,NA,NA,NA,NA,NA,NA
NA,2022-09-07,Par téléphone,Actuellement ouvert et les activités marchent bien,Oui,Non,Pire,Oui,Très satisfait,Guinée,Niger,Masculin,18-35 ans,2,Non,En nature,Commerce,Moi uniquement,Non,Non,NA,Non,Oui,NA,NA,NA,NA,NA,NA,NA
MR1022001155,2022-09-28,Par téléphone,Actuellement ouvert et les activités marchent difficilement,Non,Oui régulièrement,Pire,Oui,Très satisfait,Sénégal,Mauritanie,Féminin,36-65 ans,4,Non,En nature,Elevage,Moi uniquement,Non,Non,NA,Non,Oui,Collective,NA,TRUE,2022-03-23T00:00:00Z,2022-12-31T00:00:00Z,Female,41
MR1022001155,2022-09-28,Par téléphone,Actuellement ouvert et les activités marchent difficilement,Non,Oui régulièrement,Pire,Oui,Très satisfait,Sénégal,Mauritanie,Féminin,36-65 ans,4,Non,En nature,Elevage,Moi uniquement,Non,Non,NA,Non,Oui,Collective,NA,NA,2022-03-23T00:00:00Z,2022-12-31T00:00:00Z,Female,60
NA,2022-10-04,Par téléphone,Mon entreprise n’est pas encore ouverte,Non,Non,Pire,Oui,Satisfait,Nigeria,Lybie,Masculin,36-65 ans,1,Non,En espèces,Commerce,Moi uniquement,Oui,Non,NA,Non,Non,NA,NA,NA,NA,NA,NA,NA
NA,2022-10-05,Sur le terrain (lieu de travail ou d’habitation du migrant…),Fermée,Non,Non,Pire,Oui,Très satisfait,Nigeria,Lybie,Masculin,36-65 ans,2,Oui,En nature,Commerce,Moi uniquement,Oui,Non,NA,Non,Non,NA,NA,NA,NA,NA,NA,NA
LY1021007767,2022-10-05,Sur le terrain (lieu de travail ou d’habitation du migrant…),Fermée,Non,Non,Pire,Oui,Très satisfait,Nigeria,Lybie,Féminin,18-35 ans,2,Oui,En nature,Commerce,Moi uniquement,Oui,Non,NA,Non,Non,Individual,NA,TRUE,2021-11-24T00:00:00Z,2022-03-31T00:00:00Z,Female,26
LY1021007767,2022-10-05,Sur le terrain (lieu de travail ou d’habitation du migrant…),Fermée,Non,Non,Pire,Oui,Très satisfait,Nigeria,Lybie,Féminin,18-35 ans,2,Oui,En nature,Commerce,Moi uniquement,Oui,Non,NA,Non,Non,Individual,NA,TRUE,2021-11-24T00:00:00Z,2022-03-31T00:00:00Z,Male,35
NA,2022-10-22,Par téléphone,Actuellement ouvert et les activités marchent bien,Partiellement,Non,Pire,Oui,Très satisfait,Guinée,Algerie,Masculin,18-35 ans,1,Non,Mixte,Transport (Moto - Auto et autres),Moi uniquement,Non,Non,NA,Non,Oui,NA,NA,NA,NA,NA,NA,NA
NA,2022-10-25,Par téléphone,Actuellement ouvert et les activités marchent difficilement,Partiellement,Non,Souhaite ne pas répondre,Oui,OK,Guinée,Algerie,Féminin,18-35 ans,1,Non,En nature,Commerce,Moi uniquement,Non,Non,NA,Non,Oui,NA,NA,NA,NA,NA,NA,NA
NA,2023-04-03,Sur le terrain (lieu de travail ou d’habitation du migrant…),Actuellement ouvert et les activités marchent bien,Partiellement,Non,Pire,Oui,Très satisfait,Gambie,Lybie,Masculin,18-35 ans,0,Non,En nature,Commerce,Moi et membres de la communauté,Oui,Non,NA,Oui Positivement,Oui,NA,NA,NA,NA,NA,NA,NA
NA,2023-04-02,Sur le terrain (lieu de travail ou d’habitation du migrant…),Actuellement ouvert et les activités marchent difficilement,Partiellement,Oui régulièrement,Mieux,Oui,Satisfait,Gambie,Lybie,Masculin,18-35 ans,0,Oui,En nature,Autre,Moi uniquement,Oui,Non,NA,Oui Négativement,Oui,NA,NA,NA,NA,NA,NA,NA
NA,2023-04-03,Par téléphone,Actuellement ouvert et les activités marchent difficilement,Partiellement,Non,Pire,Oui,Très satisfait,Gambie,Niger,Masculin,18-35 ans,1,Oui,En nature,Couture,Moi uniquement,Oui,Oui,1,Non,Oui,NA,NA,NA,NA,NA,NA,NA
NA,NA,NA,NA,NA,NA,NA,NA,NA,NA,NA,NA,NA,NA,NA,NA,NA,NA,NA,NA,NA,NA,NA,NA,NA,NA,NA,NA,NA,NA
